battle_id,player_won
0,0
1,1
2,1
3,1
4,1
5,1
6,1
7,1
8,1
9,1
10,1
11,1
12,0
13,0
14,1
15,1
16,1
17,1
18,1
19,1
20,0
21,1
22,1
23,1
24,1
25,1
26,1
27,1
28,0
29,1
30,1
31,1
32,0
33,0
34,1
35,1
36,1
37,1
38,0
39,0
40,1
41,1
42,1
43,1
44,1
45,1
46,0
47,1
48,1
49,1
50,1
51,0
52,1
53,0
54,0
55,1
56,1
57,1
58,1
59,1
60,1
61,0
62,1
63,0
64,0
65,0
66,1
67,1
68,1
69,1
70,1
71,1
72,1
73,1
74,0
75,0
76,1
77,1
78,1
79,0
80,1
81,1
82,1
83,1
84,1
85,1
86,1
87,1
88,1
89,1
90,1
91,1
92,1
93,1
94,0
95,1
96,1
97,1
98,1
99,1
100,1
101,1
102,1
103,1
104,0
105,0
106,0
107,1
108,1
109,1
110,1
111,1
112,1
113,1
114,1
115,0
116,1
117,0
118,1
119,1
120,1
121,1
122,0
123,0
124,1
125,1
126,1
127,1
128,1
129,1
130,1
131,1
132,0
133,1
134,1
135,1
136,0
137,1
138,1
139,1
140,0
141,0
142,1
143,1
144,1
145,1
146,1
147,1
148,1
149,1
150,1
151,1
152,1
153,1
154,0
155,1
156,1
157,1
158,1
159,1
160,1
161,0
162,0
163,1
164,1
165,1
166,1
167,0
168,1
169,1
170,1
171,1
172,1
173,1
174,1
175,1
176,1
177,0
178,1
179,1
180,1
181,1
182,1
183,1
184,1
185,1
186,1
187,1
188,1
189,1
190,1
191,1
192,1
193,1
194,1
195,1
196,1
197,1
198,1
199,1
200,1
201,1
202,1
203,1
204,1
205,1
206,1
207,1
208,1
209,1
210,1
211,1
212,0
213,1
214,1
215,1
216,1
217,1
218,1
219,1
220,1
221,1
222,1
223,1
224,1
225,1
226,1
227,1
228,0
229,1
230,1
231,1
232,1
233,1
234,1
235,1
236,1
237,1
238,0
239,1
240,1
241,0
242,1
243,1
244,0
245,1
246,1
247,1
248,1
249,1
250,0
251,1
252,1
253,0
254,1
255,1
256,1
257,0
258,0
259,1
260,1
261,1
262,1
263,1
264,1
265,1
266,1
267,1
268,0
269,1
270,1
271,1
272,1
273,0
274,1
275,1
276,1
277,1
278,1
279,0
280,1
281,1
282,1
283,1
284,1
285,1
286,1
287,1
288,1
289,0
290,1
291,1
292,1
293,1
294,1
295,1
296,1
297,1
298,0
299,1
300,0
301,1
302,1
303,1
304,1
305,1
306,1
307,0
308,1
309,1
310,1
311,1
312,1
313,0
314,1
315,1
316,1
317,1
318,1
319,1
320,1
321,1
322,1
323,1
324,1
325,0
326,1
327,0
328,0
329,1
330,1
331,1
332,1
333,1
334,1
335,1
336,1
337,1
338,1
339,1
340,1
341,1
342,1
343,1
344,0
345,0
346,1
347,1
348,1
349,1
350,1
351,1
352,1
353,1
354,1
355,1
356,1
357,1
358,1
359,1
360,1
361,1
362,1
363,1
364,1
365,1
366,1
367,1
368,1
369,1
370,1
371,1
372,1
373,1
374,1
375,1
376,1
377,1
378,1
379,1
380,0
381,1
382,1
383,1
384,1
385,1
386,1
387,0
388,0
389,1
390,1
391,1
392,1
393,1
394,1
395,1
396,0
397,1
398,1
399,1
400,0
401,1
402,1
403,1
404,1
405,1
406,1
407,1
408,0
409,1
410,1
411,1
412,0
413,1
414,1
415,1
416,1
417,1
418,0
419,1
420,1
421,0
422,1
423,1
424,1
425,1
426,0
427,1
428,1
429,1
430,1
431,1
432,0
433,0
434,1
435,0
436,1
437,1
438,0
439,0
440,1
441,1
442,0
443,1
444,1
445,1
446,1
447,1
448,0
449,1
450,1
451,0
452,0
453,1
454,1
455,1
456,1
457,0
458,1
459,1
460,1
461,1
462,0
463,1
464,1
465,1
466,1
467,0
468,1
469,1
470,1
471,1
472,1
473,1
474,1
475,1
476,0
477,1
478,1
479,1
480,1
481,1
482,1
483,1
484,1
485,0
486,1
487,1
488,1
489,0
490,1
491,1
492,1
493,1
494,1
495,0
496,1
497,1
498,1
499,1
500,1
501,1
502,1
503,1
504,1
505,1
506,1
507,1
508,0
509,1
510,1
511,0
512,1
513,1
514,0
515,1
516,1
517,1
518,1
519,1
520,0
521,1
522,1
523,1
524,1
525,1
526,1
527,1
528,1
529,1
530,1
531,1
532,1
533,1
534,1
535,1
536,1
537,1
538,1
539,1
540,1
541,1
542,1
543,1
544,1
545,1
546,1
547,0
548,1
549,1
550,1
551,1
552,0
553,1
554,0
555,0
556,1
557,1
558,1
559,1
560,1
561,0
562,0
563,1
564,1
565,1
566,1
567,1
568,1
569,1
570,1
571,1
572,1
573,1
574,0
575,1
576,1
577,1
578,1
579,1
580,1
581,0
582,1
583,1
584,1
585,1
586,1
587,1
588,1
589,0
590,0
591,1
592,1
593,1
594,1
595,1
596,1
597,1
598,0
599,1
600,1
601,1
602,1
603,1
604,1
605,1
606,0
607,1
608,1
609,1
610,1
611,1
612,1
613,1
614,1
615,1
616,0
617,1
618,0
619,1
620,0
621,1
622,1
623,1
624,0
625,1
626,1
627,0
628,1
629,1
630,1
631,1
632,1
633,1
634,1
635,1
636,0
637,1
638,1
639,1
640,1
641,1
642,1
643,1
644,1
645,0
646,1
647,1
648,1
649,1
650,0
651,1
652,1
653,1
654,1
655,1
656,1
657,1
658,1
659,1
660,0
661,1
662,1
663,0
664,1
665,1
666,1
667,1
668,0
669,1
670,1
671,1
672,1
673,1
674,1
675,1
676,1
677,1
678,0
679,1
680,0
681,1
682,1
683,1
684,1
685,1
686,1
687,1
688,1
689,1
690,1
691,1
692,1
693,0
694,1
695,1
696,0
697,1
698,0
699,0
700,1
701,0
702,0
703,1
704,1
705,1
706,1
707,1
708,1
709,1
710,1
711,1
712,1
713,1
714,1
715,1
716,1
717,1
718,1
719,1
720,1
721,1
722,1
723,1
724,1
725,0
726,1
727,1
728,1
729,1
730,1
731,1
732,1
733,1
734,1
735,1
736,1
737,1
738,1
739,1
740,1
741,1
742,1
743,1
744,0
745,1
746,0
747,0
748,1
749,1
750,1
751,1
752,1
753,1
754,1
755,1
756,1
757,1
758,0
759,1
760,0
761,1
762,1
763,1
764,1
765,1
766,1
767,1
768,0
769,1
770,1
771,1
772,1
773,0
774,1
775,1
776,1
777,1
778,0
779,0
780,1
781,1
782,1
783,1
784,1
785,0
786,1
787,1
788,1
789,1
790,1
791,1
792,1
793,1
794,1
795,1
796,0
797,1
798,1
799,1
800,1
801,1
802,1
803,1
804,1
805,1
806,0
807,1
808,1
809,1
810,1
811,1
812,1
813,0
814,1
815,1
816,1
817,1
818,1
819,1
820,1
821,1
822,1
823,1
824,0
825,1
826,1
827,1
828,1
829,1
830,1
831,1
832,1
833,1
834,1
835,1
836,1
837,1
838,1
839,1
840,1
841,1
842,1
843,0
844,1
845,1
846,1
847,0
848,1
849,1
850,0
851,0
852,1
853,1
854,1
855,1
856,1
857,1
858,1
859,1
860,1
861,1
862,1
863,1
864,1
865,1
866,1
867,1
868,1
869,1
870,1
871,1
872,1
873,1
874,1
875,1
876,1
877,0
878,1
879,1
880,1
881,1
882,1
883,1
884,1
885,1
886,1
887,0
888,0
889,1
890,1
891,1
892,1
893,0
894,1
895,0
896,1
897,1
898,0
899,1
900,1
901,1
902,1
903,1
904,1
905,1
906,1
907,0
908,0
909,1
910,1
911,1
912,1
913,0
914,1
915,1
916,1
917,1
918,1
919,1
920,1
921,1
922,1
923,1
924,1
925,1
926,1
927,1
928,1
929,1
930,1
931,1
932,0
933,1
934,1
935,1
936,0
937,1
938,1
939,1
940,1
941,1
942,1
943,1
944,1
945,1
946,1
947,1
948,1
949,1
950,1
951,1
952,1
953,1
954,1
955,1
956,1
957,1
958,0
959,1
960,1
961,0
962,1
963,1
964,1
965,0
966,1
967,1
968,1
969,0
970,1
971,1
972,1
973,0
974,1
975,1
976,1
977,0
978,1
979,1
980,0
981,1
982,0
983,1
984,1
985,1
986,0
987,0
988,0
989,1
990,1
991,1
992,1
993,1
994,1
995,1
996,0
997,1
998,0
999,1
1000,1
1001,1
1002,1
1003,1
1004,0
1005,1
1006,1
1007,1
1008,0
1009,0
1010,1
1011,1
1012,1
1013,1
1014,0
1015,1
1016,1
1017,1
1018,1
1019,1
1020,1
1021,0
1022,1
1023,1
1024,0
1025,0
1026,0
1027,1
1028,0
1029,1
1030,1
1031,1
1032,1
1033,1
1034,0
1035,1
1036,1
1037,1
1038,1
1039,1
1040,1
1041,1
1042,1
1043,1
1044,1
1045,1
1046,1
1047,1
1048,1
1049,1
1050,1
1051,1
1052,1
1053,1
1054,0
1055,0
1056,1
1057,1
1058,1
1059,1
1060,1
1061,1
1062,1
1063,1
1064,1
1065,1
1066,1
1067,1
1068,1
1069,0
1070,1
1071,1
1072,0
1073,1
1074,1
1075,1
1076,1
1077,0
1078,1
1079,1
1080,0
1081,1
1082,1
1083,1
1084,1
1085,1
1086,1
1087,1
1088,1
1089,1
1090,1
1091,1
1092,1
1093,0
1094,1
1095,1
1096,1
1097,1
1098,1
1099,1
1100,1
1101,1
1102,1
1103,1
1104,1
1105,1
1106,1
1107,1
1108,0
1109,1
1110,1
1111,1
1112,1
1113,1
1114,1
1115,1
1116,1
1117,1
1118,1
1119,1
1120,1
1121,1
1122,1
1123,1
1124,1
1125,0
1126,1
1127,1
1128,1
1129,1
1130,1
1131,1
1132,0
1133,1
1134,1
1135,1
1136,1
1137,0
1138,1
1139,0
1140,1
1141,1
1142,1
1143,0
1144,1
1145,1
1146,1
1147,1
1148,1
1149,1
1150,1
1151,1
1152,1
1153,1
1154,1
1155,1
1156,0
1157,0
1158,0
1159,1
1160,0
1161,1
1162,0
1163,1
1164,1
1165,1
1166,1
1167,1
1168,1
1169,1
1170,1
1171,0
1172,1
1173,0
1174,1
1175,0
1176,1
1177,1
1178,1
1179,1
1180,1
1181,1
1182,1
1183,1
1184,1
1185,1
1186,0
1187,0
1188,1
1189,1
1190,1
1191,1
1192,1
1193,1
1194,1
1195,1
1196,1
1197,1
1198,1
1199,1
1200,1
1201,1
1202,0
1203,1
1204,0
1205,1
1206,0
1207,1
1208,1
1209,0
1210,1
1211,1
1212,1
1213,1
1214,1
1215,1
1216,1
1217,1
1218,1
1219,1
1220,1
1221,1
1222,1
1223,1
1224,1
1225,1
1226,1
1227,1
1228,0
1229,1
1230,1
1231,1
1232,1
1233,1
1234,0
1235,0
1236,1
1237,1
1238,1
1239,0
1240,0
1241,1
1242,1
1243,1
1244,1
1245,1
1246,1
1247,1
1248,1
1249,1
1250,1
1251,1
1252,1
1253,1
1254,1
1255,1
1256,1
1257,1
1258,1
1259,1
1260,1
1261,1
1262,1
1263,1
1264,1
1265,1
1266,1
1267,1
1268,1
1269,1
1270,1
1271,1
1272,1
1273,0
1274,1
1275,0
1276,1
1277,1
1278,1
1279,1
1280,1
1281,1
1282,1
1283,1
1284,1
1285,1
1286,0
1287,1
1288,1
1289,1
1290,1
1291,1
1292,1
1293,1
1294,1
1295,0
1296,1
1297,1
1298,1
1299,1
1300,1
1301,1
1302,0
1303,1
1304,1
1305,1
1306,0
1307,1
1308,1
1309,1
1310,1
1311,1
1312,1
1313,1
1314,1
1315,0
1316,0
1317,1
1318,1
1319,1
1320,1
1321,1
1322,1
1323,1
1324,1
1325,1
1326,1
1327,1
1328,1
1329,0
1330,1
1331,0
1332,0
1333,1
1334,1
1335,0
1336,1
1337,1
1338,1
1339,0
1340,1
1341,1
1342,0
1343,1
1344,1
1345,1
1346,0
1347,1
1348,0
1349,1
1350,1
1351,1
1352,1
1353,1
1354,1
1355,1
1356,0
1357,1
1358,1
1359,0
1360,1
1361,1
1362,1
1363,1
1364,1
1365,1
1366,1
1367,1
1368,1
1369,1
1370,1
1371,1
1372,1
1373,0
1374,1
1375,1
1376,0
1377,1
1378,1
1379,1
1380,1
1381,1
1382,1
1383,1
1384,1
1385,1
1386,1
1387,1
1388,1
1389,1
1390,1
1391,0
1392,1
1393,1
1394,1
1395,0
1396,1
1397,1
1398,1
1399,1
1400,1
1401,1
1402,1
1403,0
1404,1
1405,1
1406,1
1407,1
1408,1
1409,1
1410,0
1411,1
1412,1
1413,1
1414,0
1415,1
1416,1
1417,1
1418,1
1419,1
1420,1
1421,1
1422,1
1423,1
1424,1
1425,1
1426,1
1427,1
1428,1
1429,1
1430,1
1431,1
1432,1
1433,1
1434,1
1435,1
1436,1
1437,1
1438,1
1439,1
1440,1
1441,1
1442,0
1443,1
1444,1
1445,1
1446,1
1447,1
1448,1
1449,1
1450,1
1451,0
1452,1
1453,1
1454,1
1455,1
1456,1
1457,0
1458,1
1459,0
1460,0
1461,1
1462,1
1463,1
1464,0
1465,1
1466,1
1467,1
1468,1
1469,1
1470,1
1471,1
1472,1
1473,0
1474,1
1475,1
1476,1
1477,0
1478,1
1479,1
1480,0
1481,1
1482,1
1483,1
1484,1
1485,1
1486,1
1487,1
1488,1
1489,1
1490,0
1491,1
1492,1
1493,1
1494,1
1495,1
1496,1
1497,1
1498,1
1499,1
1500,0
1501,1
1502,1
1503,1
1504,0
1505,0
1506,1
1507,1
1508,0
1509,1
1510,1
1511,1
1512,0
1513,1
1514,0
1515,0
1516,1
1517,1
1518,1
1519,1
1520,1
1521,1
1522,1
1523,0
1524,1
1525,0
1526,1
1527,0
1528,1
1529,1
1530,1
1531,1
1532,0
1533,1
1534,1
1535,1
1536,1
1537,1
1538,1
1539,1
1540,0
1541,0
1542,0
1543,1
1544,1
1545,1
1546,0
1547,1
1548,1
1549,1
1550,0
1551,1
1552,1
1553,1
1554,1
1555,0
1556,0
1557,0
1558,1
1559,1
1560,0
1561,1
1562,0
1563,0
1564,1
1565,1
1566,0
1567,1
1568,1
1569,1
1570,1
1571,1
1572,0
1573,1
1574,1
1575,1
1576,1
1577,0
1578,1
1579,1
1580,1
1581,1
1582,1
1583,1
1584,1
1585,1
1586,1
1587,1
1588,1
1589,1
1590,1
1591,1
1592,1
1593,0
1594,1
1595,1
1596,1
1597,1
1598,1
1599,1
1600,1
1601,1
1602,1
1603,0
1604,1
1605,1
1606,1
1607,1
1608,1
1609,1
1610,1
1611,1
1612,1
1613,0
1614,0
1615,1
1616,0
1617,1
1618,1
1619,1
1620,1
1621,0
1622,1
1623,1
1624,1
1625,1
1626,1
1627,1
1628,1
1629,1
1630,1
1631,0
1632,0
1633,0
1634,1
1635,1
1636,1
1637,1
1638,1
1639,1
1640,1
1641,1
1642,0
1643,1
1644,0
1645,1
1646,1
1647,1
1648,1
1649,1
1650,0
1651,1
1652,1
1653,0
1654,1
1655,1
1656,0
1657,0
1658,1
1659,1
1660,1
1661,1
1662,1
1663,0
1664,1
1665,1
1666,1
1667,0
1668,1
1669,0
1670,0
1671,1
1672,1
1673,1
1674,1
1675,1
1676,1
1677,1
1678,1
1679,1
1680,1
1681,1
1682,1
1683,1
1684,1
1685,1
1686,1
1687,1
1688,0
1689,1
1690,1
1691,0
1692,1
1693,0
1694,1
1695,1
1696,1
1697,1
1698,0
1699,1
1700,1
1701,1
1702,1
1703,1
1704,1
1705,0
1706,1
1707,1
1708,1
1709,0
1710,1
1711,1
1712,1
1713,0
1714,1
1715,0
1716,1
1717,1
1718,1
1719,0
1720,1
1721,1
1722,1
1723,0
1724,0
1725,1
1726,0
1727,1
1728,1
1729,0
1730,1
1731,1
1732,1
1733,1
1734,1
1735,0
1736,1
1737,1
1738,1
1739,1
1740,1
1741,0
1742,0
1743,1
1744,0
1745,0
1746,0
1747,1
1748,1
1749,0
1750,1
1751,1
1752,1
1753,0
1754,1
1755,1
1756,1
1757,0
1758,1
1759,1
1760,1
1761,0
1762,1
1763,1
1764,0
1765,1
1766,1
1767,0
1768,1
1769,1
1770,1
1771,1
1772,1
1773,1
1774,1
1775,1
1776,1
1777,1
1778,0
1779,1
1780,0
1781,1
1782,1
1783,1
1784,1
1785,1
1786,1
1787,1
1788,0
1789,1
1790,1
1791,1
1792,1
1793,1
1794,1
1795,0
1796,0
1797,1
1798,0
1799,0
1800,0
1801,1
1802,1
1803,1
1804,1
1805,1
1806,1
1807,0
1808,1
1809,0
1810,1
1811,1
1812,1
1813,1
1814,1
1815,0
1816,1
1817,1
1818,1
1819,1
1820,1
1821,0
1822,1
1823,1
1824,1
1825,1
1826,1
1827,0
1828,1
1829,1
1830,0
1831,0
1832,1
1833,1
1834,1
1835,1
1836,1
1837,1
1838,1
1839,0
1840,1
1841,1
1842,0
1843,1
1844,1
1845,1
1846,0
1847,0
1848,1
1849,1
1850,1
1851,1
1852,1
1853,1
1854,1
1855,1
1856,1
1857,1
1858,1
1859,0
1860,1
1861,1
1862,1
1863,1
1864,1
1865,1
1866,1
1867,1
1868,1
1869,1
1870,1
1871,1
1872,1
1873,1
1874,1
1875,1
1876,1
1877,1
1878,0
1879,0
1880,1
1881,1
1882,1
1883,1
1884,0
1885,1
1886,1
1887,1
1888,1
1889,1
1890,0
1891,0
1892,1
1893,1
1894,1
1895,1
1896,1
1897,1
1898,0
1899,1
1900,1
1901,1
1902,0
1903,1
1904,0
1905,1
1906,1
1907,0
1908,1
1909,1
1910,0
1911,0
1912,1
1913,0
1914,1
1915,1
1916,1
1917,1
1918,1
1919,1
1920,1
1921,0
1922,0
1923,0
1924,0
1925,1
1926,1
1927,1
1928,1
1929,1
1930,1
1931,1
1932,1
1933,1
1934,1
1935,1
1936,0
1937,1
1938,1
1939,1
1940,1
1941,1
1942,1
1943,1
1944,1
1945,1
1946,1
1947,1
1948,1
1949,1
1950,1
1951,1
1952,0
1953,0
1954,1
1955,1
1956,0
1957,1
1958,1
1959,1
1960,1
1961,1
1962,0
1963,1
1964,0
1965,0
1966,1
1967,1
1968,1
1969,1
1970,1
1971,1
1972,1
1973,1
1974,0
1975,0
1976,1
1977,1
1978,1
1979,1
1980,1
1981,0
1982,1
1983,1
1984,1
1985,1
1986,1
1987,1
1988,0
1989,1
1990,1
1991,1
1992,1
1993,0
1994,0
1995,1
1996,0
1997,1
1998,0
1999,1
2000,1
2001,1
2002,1
2003,1
2004,1
2005,0
2006,0
2007,1
2008,0
2009,1
2010,1
2011,1
2012,0
2013,0
2014,1
2015,1
2016,0
2017,1
2018,1
2019,1
2020,1
2021,1
2022,1
2023,1
2024,1
2025,1
2026,0
2027,1
2028,1
2029,0
2030,0
2031,1
2032,0
2033,1
2034,1
2035,1
2036,1
2037,0
2038,1
2039,1
2040,1
2041,0
2042,0
2043,1
2044,0
2045,1
2046,1
2047,0
2048,1
2049,1
2050,0
2051,1
2052,1
2053,1
2054,1
2055,1
2056,1
2057,0
2058,1
2059,1
2060,1
2061,1
2062,0
2063,0
2064,1
2065,1
2066,1
2067,0
2068,0
2069,1
2070,1
2071,1
2072,1
2073,1
2074,1
2075,1
2076,0
2077,1
2078,1
2079,0
2080,1
2081,1
2082,1
2083,1
2084,0
2085,1
2086,1
2087,1
2088,1
2089,0
2090,1
2091,1
2092,0
2093,0
2094,1
2095,1
2096,1
2097,1
2098,1
2099,1
2100,1
2101,1
2102,0
2103,1
2104,1
2105,1
2106,0
2107,1
2108,1
2109,1
2110,1
2111,1
2112,1
2113,1
2114,1
2115,0
2116,1
2117,1
2118,0
2119,0
2120,1
2121,1
2122,0
2123,1
2124,1
2125,0
2126,1
2127,0
2128,1
2129,1
2130,1
2131,1
2132,1
2133,1
2134,1
2135,1
2136,0
2137,1
2138,0
2139,0
2140,1
2141,1
2142,1
2143,1
2144,0
2145,0
2146,1
2147,0
2148,1
2149,1
2150,1
2151,1
2152,1
2153,1
2154,1
2155,1
2156,1
2157,1
2158,1
2159,1
2160,1
2161,1
2162,1
2163,1
2164,0
2165,0
2166,1
2167,1
2168,0
2169,1
2170,1
2171,0
2172,1
2173,1
2174,1
2175,1
2176,1
2177,1
2178,0
2179,1
2180,1
2181,1
2182,1
2183,1
2184,1
2185,0
2186,1
2187,1
2188,1
2189,1
2190,1
2191,1
2192,1
2193,1
2194,1
2195,1
2196,1
2197,1
2198,1
2199,1
2200,1
2201,1
2202,1
2203,1
2204,1
2205,1
2206,1
2207,1
2208,0
2209,1
2210,1
2211,1
2212,1
2213,0
2214,1
2215,1
2216,0
2217,1
2218,0
2219,1
2220,1
2221,1
2222,1
2223,1
2224,0
2225,1
2226,0
2227,1
2228,1
2229,1
2230,1
2231,1
2232,1
2233,1
2234,0
2235,1
2236,1
2237,1
2238,1
2239,1
2240,1
2241,0
2242,1
2243,1
2244,1
2245,1
2246,0
2247,1
2248,1
2249,0
2250,0
2251,1
2252,1
2253,1
2254,1
2255,1
2256,1
2257,1
2258,1
2259,1
2260,1
2261,0
2262,1
2263,1
2264,1
2265,1
2266,1
2267,1
2268,0
2269,1
2270,1
2271,1
2272,1
2273,1
2274,1
2275,1
2276,1
2277,1
2278,1
2279,1
2280,0
2281,0
2282,1
2283,1
2284,1
2285,1
2286,0
2287,0
2288,1
2289,1
2290,1
2291,1
2292,1
2293,0
2294,0
2295,1
2296,1
2297,1
2298,0
2299,1
2300,1
2301,0
2302,1
2303,1
2304,1
2305,0
2306,1
2307,0
2308,1
2309,0
2310,0
2311,0
2312,1
2313,1
2314,1
2315,1
2316,0
2317,1
2318,0
2319,1
2320,1
2321,1
2322,0
2323,1
2324,1
2325,0
2326,1
2327,0
2328,1
2329,1
2330,1
2331,1
2332,1
2333,1
2334,1
2335,0
2336,1
2337,1
2338,0
2339,1
2340,0
2341,1
2342,1
2343,1
2344,1
2345,0
2346,1
2347,1
2348,1
2349,1
2350,1
2351,0
2352,1
2353,1
2354,1
2355,1
2356,1
2357,1
2358,1
2359,0
2360,1
2361,1
2362,1
2363,1
2364,1
2365,1
2366,0
2367,0
2368,1
2369,1
2370,1
2371,0
2372,1
2373,1
2374,1
2375,1
2376,1
2377,1
2378,1
2379,0
2380,1
2381,1
2382,1
2383,1
2384,1
2385,1
2386,1
2387,1
2388,1
2389,1
2390,1
2391,1
2392,1
2393,1
2394,0
2395,0
2396,1
2397,1
2398,1
2399,1
2400,1
2401,1
2402,1
2403,1
2404,1
2405,1
2406,1
2407,1
2408,0
2409,1
2410,1
2411,1
2412,1
2413,1
2414,1
2415,1
2416,0
2417,1
2418,1
2419,0
2420,1
2421,1
2422,0
2423,1
2424,0
2425,1
2426,1
2427,1
2428,1
2429,1
2430,0
2431,1
2432,1
2433,0
2434,1
2435,1
2436,1
2437,1
2438,0
2439,1
2440,1
2441,0
2442,1
2443,0
2444,1
2445,1
2446,1
2447,1
2448,1
2449,1
2450,1
2451,0
2452,1
2453,1
2454,1
2455,1
2456,1
2457,1
2458,1
2459,1
2460,1
2461,1
2462,1
2463,1
2464,1
2465,1
2466,1
2467,1
2468,1
2469,1
2470,1
2471,1
2472,1
2473,1
2474,1
2475,1
2476,1
2477,1
2478,1
2479,0
2480,1
2481,1
2482,1
2483,1
2484,1
2485,1
2486,1
2487,1
2488,0
2489,1
2490,0
2491,1
2492,1
2493,1
2494,1
2495,0
2496,0
2497,1
2498,1
2499,1
2500,1
2501,0
2502,0
2503,0
2504,0
2505,0
2506,0
2507,0
2508,0
2509,0
2510,0
2511,0
2512,0
2513,0
2514,0
2515,0
2516,0
2517,0
2518,0
2519,0
2520,0
2521,0
2522,0
2523,0
2524,1
2525,0
2526,0
2527,0
2528,0
2529,1
2530,0
2531,0
2532,1
2533,0
2534,0
2535,0
2536,0
2537,0
2538,0
2539,0
2540,1
2541,0
2542,0
2543,0
2544,0
2545,0
2546,0
2547,1
2548,0
2549,0
2550,0
2551,0
2552,0
2553,0
2554,0
2555,0
2556,0
2557,0
2558,0
2559,0
2560,0
2561,0
2562,0
2563,0
2564,0
2565,0
2566,1
2567,1
2568,0
2569,0
2570,0
2571,1
2572,1
2573,0
2574,0
2575,0
2576,0
2577,0
2578,0
2579,0
2580,0
2581,1
2582,1
2583,0
2584,0
2585,0
2586,0
2587,0
2588,0
2589,0
2590,0
2591,0
2592,1
2593,0
2594,0
2595,0
2596,0
2597,0
2598,0
2599,0
2600,0
2601,0
2602,0
2603,1
2604,0
2605,0
2606,0
2607,1
2608,0
2609,1
2610,0
2611,0
2612,0
2613,0
2614,0
2615,0
2616,0
2617,0
2618,0
2619,0
2620,0
2621,0
2622,1
2623,0
2624,0
2625,0
2626,0
2627,1
2628,0
2629,0
2630,0
2631,0
2632,0
2633,0
2634,0
2635,0
2636,0
2637,1
2638,0
2639,0
2640,0
2641,0
2642,0
2643,0
2644,0
2645,0
2646,0
2647,0
2648,0
2649,0
2650,0
2651,0
2652,0
2653,0
2654,0
2655,0
2656,0
2657,0
2658,0
2659,0
2660,1
2661,0
2662,0
2663,0
2664,0
2665,0
2666,0
2667,1
2668,0
2669,0
2670,0
2671,0
2672,0
2673,0
2674,0
2675,0
2676,0
2677,0
2678,0
2679,0
2680,0
2681,0
2682,0
2683,0
2684,0
2685,0
2686,0
2687,0
2688,0
2689,0
2690,0
2691,0
2692,0
2693,0
2694,1
2695,0
2696,0
2697,0
2698,0
2699,0
2700,0
2701,0
2702,0
2703,0
2704,0
2705,0
2706,0
2707,1
2708,0
2709,0
2710,0
2711,0
2712,1
2713,0
2714,0
2715,0
2716,1
2717,0
2718,1
2719,0
2720,0
2721,0
2722,0
2723,0
2724,0
2725,0
2726,0
2727,0
2728,0
2729,0
2730,0
2731,0
2732,0
2733,0
2734,0
2735,0
2736,0
2737,0
2738,0
2739,0
2740,0
2741,0
2742,0
2743,0
2744,0
2745,0
2746,0
2747,0
2748,0
2749,0
2750,0
2751,0
2752,0
2753,0
2754,0
2755,0
2756,0
2757,0
2758,0
2759,0
2760,0
2761,0
2762,0
2763,0
2764,1
2765,0
2766,0
2767,0
2768,0
2769,0
2770,0
2771,0
2772,0
2773,0
2774,0
2775,0
2776,1
2777,0
2778,0
2779,0
2780,0
2781,0
2782,0
2783,0
2784,0
2785,0
2786,0
2787,0
2788,0
2789,0
2790,0
2791,0
2792,0
2793,0
2794,1
2795,0
2796,0
2797,0
2798,0
2799,0
2800,0
2801,0
2802,0
2803,0
2804,0
2805,0
2806,1
2807,1
2808,0
2809,0
2810,0
2811,0
2812,0
2813,0
2814,0
2815,0
2816,0
2817,1
2818,0
2819,0
2820,0
2821,0
2822,0
2823,0
2824,0
2825,0
2826,0
2827,0
2828,0
2829,0
2830,0
2831,0
2832,0
2833,0
2834,0
2835,0
2836,0
2837,1
2838,1
2839,0
2840,0
2841,0
2842,0
2843,0
2844,0
2845,0
2846,0
2847,1
2848,0
2849,0
2850,0
2851,0
2852,0
2853,0
2854,0
2855,0
2856,0
2857,0
2858,0
2859,0
2860,0
2861,0
2862,0
2863,0
2864,0
2865,1
2866,0
2867,0
2868,0
2869,0
2870,0
2871,0
2872,0
2873,0
2874,0
2875,0
2876,0
2877,0
2878,0
2879,0
2880,0
2881,0
2882,0
2883,0
2884,0
2885,0
2886,0
2887,0
2888,0
2889,0
2890,0
2891,0
2892,0
2893,1
2894,0
2895,0
2896,1
2897,0
2898,0
2899,0
2900,0
2901,0
2902,0
2903,0
2904,0
2905,0
2906,0
2907,0
2908,0
2909,0
2910,0
2911,0
2912,1
2913,0
2914,0
2915,1
2916,0
2917,0
2918,0
2919,0
2920,0
2921,0
2922,0
2923,1
2924,0
2925,0
2926,0
2927,0
2928,0
2929,1
2930,0
2931,0
2932,0
2933,0
2934,0
2935,0
2936,0
2937,0
2938,0
2939,0
2940,1
2941,0
2942,0
2943,0
2944,0
2945,1
2946,0
2947,0
2948,0
2949,0
2950,0
2951,0
2952,0
2953,0
2954,0
2955,0
2956,0
2957,0
2958,0
2959,0
2960,0
2961,0
2962,0
2963,0
2964,0
2965,0
2966,0
2967,0
2968,0
2969,0
2970,0
2971,0
2972,0
2973,0
2974,0
2975,0
2976,1
2977,0
2978,0
2979,0
2980,0
2981,0
2982,0
2983,0
2984,0
2985,0
2986,0
2987,0
2988,0
2989,0
2990,0
2991,0
2992,0
2993,0
2994,0
2995,0
2996,1
2997,0
2998,1
2999,0
3000,0
3001,0
3002,1
3003,0
3004,0
3005,0
3006,0
3007,0
3008,0
3009,0
3010,0
3011,0
3012,1
3013,0
3014,0
3015,0
3016,0
3017,0
3018,0
3019,0
3020,0
3021,0
3022,0
3023,0
3024,0
3025,0
3026,0
3027,0
3028,0
3029,0
3030,0
3031,0
3032,0
3033,0
3034,1
3035,0
3036,0
3037,0
3038,0
3039,0
3040,0
3041,0
3042,0
3043,0
3044,1
3045,0
3046,0
3047,0
3048,0
3049,1
3050,0
3051,0
3052,0
3053,0
3054,0
3055,0
3056,0
3057,1
3058,1
3059,0
3060,1
3061,1
3062,0
3063,1
3064,0
3065,0
3066,0
3067,0
3068,0
3069,0
3070,0
3071,0
3072,1
3073,0
3074,0
3075,0
3076,0
3077,1
3078,0
3079,0
3080,0
3081,0
3082,0
3083,0
3084,0
3085,0
3086,0
3087,0
3088,0
3089,0
3090,0
3091,0
3092,0
3093,0
3094,0
3095,0
3096,0
3097,0
3098,0
3099,0
3100,0
3101,0
3102,0
3103,0
3104,0
3105,0
3106,0
3107,0
3108,0
3109,0
3110,0
3111,0
3112,0
3113,0
3114,0
3115,0
3116,0
3117,0
3118,0
3119,1
3120,0
3121,0
3122,0
3123,0
3124,0
3125,0
3126,0
3127,0
3128,1
3129,0
3130,0
3131,0
3132,1
3133,0
3134,1
3135,0
3136,0
3137,0
3138,0
3139,0
3140,0
3141,1
3142,0
3143,0
3144,0
3145,0
3146,0
3147,0
3148,0
3149,0
3150,0
3151,1
3152,0
3153,1
3154,0
3155,0
3156,0
3157,0
3158,0
3159,0
3160,0
3161,0
3162,0
3163,0
3164,0
3165,0
3166,0
3167,0
3168,1
3169,0
3170,1
3171,0
3172,0
3173,0
3174,0
3175,1
3176,0
3177,0
3178,0
3179,0
3180,0
3181,0
3182,0
3183,0
3184,0
3185,0
3186,0
3187,0
3188,0
3189,1
3190,0
3191,0
3192,0
3193,0
3194,0
3195,0
3196,0
3197,0
3198,1
3199,1
3200,0
3201,0
3202,0
3203,0
3204,0
3205,1
3206,0
3207,0
3208,0
3209,1
3210,0
3211,0
3212,0
3213,0
3214,0
3215,0
3216,1
3217,0
3218,0
3219,0
3220,0
3221,0
3222,0
3223,1
3224,0
3225,0
3226,0
3227,0
3228,0
3229,1
3230,0
3231,0
3232,0
3233,0
3234,1
3235,0
3236,0
3237,0
3238,0
3239,0
3240,0
3241,0
3242,0
3243,0
3244,0
3245,0
3246,1
3247,0
3248,0
3249,0
3250,0
3251,0
3252,0
3253,0
3254,0
3255,0
3256,0
3257,0
3258,1
3259,0
3260,1
3261,1
3262,0
3263,0
3264,0
3265,0
3266,0
3267,0
3268,1
3269,0
3270,0
3271,0
3272,0
3273,0
3274,0
3275,1
3276,0
3277,1
3278,0
3279,1
3280,0
3281,0
3282,0
3283,0
3284,1
3285,0
3286,0
3287,0
3288,1
3289,0
3290,0
3291,0
3292,0
3293,0
3294,0
3295,0
3296,0
3297,0
3298,0
3299,0
3300,0
3301,0
3302,0
3303,0
3304,1
3305,0
3306,1
3307,0
3308,0
3309,0
3310,0
3311,0
3312,0
3313,0
3314,0
3315,1
3316,0
3317,0
3318,0
3319,0
3320,1
3321,1
3322,0
3323,0
3324,0
3325,0
3326,0
3327,0
3328,0
3329,0
3330,0
3331,0
3332,0
3333,0
3334,0
3335,1
3336,0
3337,0
3338,1
3339,0
3340,0
3341,0
3342,0
3343,0
3344,0
3345,0
3346,0
3347,0
3348,0
3349,0
3350,0
3351,0
3352,1
3353,0
3354,0
3355,0
3356,0
3357,1
3358,0
3359,0
3360,0
3361,0
3362,1
3363,0
3364,0
3365,0
3366,0
3367,1
3368,0
3369,0
3370,0
3371,0
3372,0
3373,1
3374,0
3375,0
3376,0
3377,0
3378,0
3379,0
3380,0
3381,1
3382,0
3383,1
3384,1
3385,0
3386,1
3387,0
3388,0
3389,0
3390,0
3391,0
3392,0
3393,0
3394,0
3395,0
3396,0
3397,0
3398,0
3399,0
3400,0
3401,0
3402,0
3403,0
3404,0
3405,0
3406,0
3407,0
3408,0
3409,0
3410,0
3411,0
3412,1
3413,0
3414,0
3415,0
3416,0
3417,0
3418,0
3419,0
3420,0
3421,0
3422,0
3423,1
3424,1
3425,0
3426,0
3427,0
3428,0
3429,0
3430,0
3431,0
3432,0
3433,0
3434,0
3435,0
3436,0
3437,0
3438,0
3439,0
3440,0
3441,0
3442,1
3443,0
3444,0
3445,0
3446,0
3447,0
3448,0
3449,0
3450,1
3451,0
3452,0
3453,0
3454,0
3455,0
3456,0
3457,0
3458,0
3459,0
3460,0
3461,0
3462,0
3463,0
3464,0
3465,0
3466,0
3467,0
3468,0
3469,0
3470,0
3471,0
3472,0
3473,0
3474,1
3475,0
3476,0
3477,0
3478,0
3479,1
3480,0
3481,0
3482,0
3483,0
3484,0
3485,0
3486,0
3487,0
3488,0
3489,0
3490,1
3491,0
3492,0
3493,0
3494,0
3495,0
3496,0
3497,0
3498,0
3499,0
3500,1
3501,0
3502,0
3503,0
3504,0
3505,0
3506,1
3507,0
3508,0
3509,1
3510,0
3511,0
3512,0
3513,0
3514,0
3515,0
3516,0
3517,0
3518,0
3519,0
3520,1
3521,0
3522,0
3523,0
3524,0
3525,0
3526,0
3527,0
3528,0
3529,0
3530,0
3531,0
3532,0
3533,1
3534,0
3535,0
3536,0
3537,0
3538,0
3539,0
3540,0
3541,0
3542,0
3543,0
3544,0
3545,0
3546,0
3547,0
3548,0
3549,0
3550,0
3551,0
3552,0
3553,0
3554,0
3555,0
3556,0
3557,0
3558,0
3559,0
3560,0
3561,0
3562,1
3563,0
3564,1
3565,0
3566,0
3567,0
3568,0
3569,0
3570,0
3571,0
3572,0
3573,0
3574,0
3575,0
3576,0
3577,0
3578,0
3579,0
3580,0
3581,1
3582,0
3583,0
3584,1
3585,1
3586,0
3587,0
3588,0
3589,0
3590,0
3591,0
3592,0
3593,1
3594,0
3595,0
3596,0
3597,0
3598,0
3599,1
3600,0
3601,1
3602,1
3603,0
3604,0
3605,0
3606,0
3607,0
3608,0
3609,0
3610,0
3611,0
3612,0
3613,0
3614,0
3615,0
3616,1
3617,0
3618,0
3619,1
3620,0
3621,0
3622,0
3623,0
3624,0
3625,0
3626,0
3627,0
3628,0
3629,0
3630,1
3631,0
3632,1
3633,1
3634,0
3635,0
3636,1
3637,1
3638,0
3639,1
3640,0
3641,0
3642,0
3643,0
3644,0
3645,1
3646,0
3647,1
3648,1
3649,0
3650,0
3651,0
3652,1
3653,0
3654,1
3655,0
3656,0
3657,1
3658,0
3659,0
3660,1
3661,0
3662,0
3663,0
3664,0
3665,0
3666,0
3667,0
3668,0
3669,0
3670,0
3671,1
3672,0
3673,0
3674,1
3675,0
3676,0
3677,1
3678,1
3679,0
3680,0
3681,0
3682,0
3683,0
3684,0
3685,0
3686,0
3687,0
3688,0
3689,0
3690,1
3691,0
3692,0
3693,1
3694,0
3695,0
3696,1
3697,1
3698,0
3699,0
3700,0
3701,0
3702,0
3703,0
3704,0
3705,0
3706,0
3707,0
3708,0
3709,0
3710,1
3711,0
3712,0
3713,0
3714,0
3715,1
3716,0
3717,1
3718,0
3719,0
3720,0
3721,0
3722,0
3723,0
3724,1
3725,0
3726,0
3727,0
3728,0
3729,1
3730,0
3731,0
3732,0
3733,0
3734,0
3735,0
3736,0
3737,0
3738,0
3739,0
3740,0
3741,0
3742,0
3743,0
3744,0
3745,0
3746,0
3747,0
3748,1
3749,0
3750,0
3751,0
3752,0
3753,0
3754,1
3755,0
3756,0
3757,0
3758,0
3759,0
3760,0
3761,1
3762,0
3763,0
3764,0
3765,0
3766,0
3767,0
3768,1
3769,1
3770,0
3771,0
3772,0
3773,0
3774,0
3775,0
3776,0
3777,0
3778,0
3779,0
3780,0
3781,0
3782,0
3783,1
3784,0
3785,0
3786,0
3787,0
3788,0
3789,1
3790,0
3791,0
3792,0
3793,0
3794,0
3795,0
3796,0
3797,0
3798,0
3799,0
3800,0
3801,0
3802,0
3803,0
3804,0
3805,0
3806,0
3807,0
3808,0
3809,0
3810,0
3811,0
3812,1
3813,0
3814,0
3815,0
3816,1
3817,0
3818,1
3819,0
3820,0
3821,0
3822,0
3823,1
3824,0
3825,0
3826,0
3827,0
3828,0
3829,0
3830,0
3831,1
3832,0
3833,1
3834,0
3835,0
3836,0
3837,0
3838,0
3839,1
3840,0
3841,0
3842,0
3843,0
3844,0
3845,1
3846,0
3847,1
3848,1
3849,0
3850,0
3851,0
3852,0
3853,0
3854,0
3855,0
3856,0
3857,0
3858,0
3859,0
3860,0
3861,0
3862,1
3863,1
3864,0
3865,0
3866,0
3867,0
3868,0
3869,0
3870,0
3871,1
3872,0
3873,0
3874,0
3875,0
3876,0
3877,0
3878,0
3879,0
3880,0
3881,0
3882,0
3883,0
3884,0
3885,0
3886,0
3887,1
3888,0
3889,0
3890,0
3891,1
3892,0
3893,0
3894,0
3895,1
3896,0
3897,0
3898,0
3899,1
3900,0
3901,0
3902,0
3903,0
3904,0
3905,1
3906,0
3907,1
3908,0
3909,0
3910,0
3911,1
3912,1
3913,0
3914,0
3915,0
3916,0
3917,1
3918,0
3919,0
3920,0
3921,0
3922,0
3923,0
3924,0
3925,0
3926,0
3927,0
3928,0
3929,1
3930,0
3931,0
3932,0
3933,0
3934,0
3935,0
3936,0
3937,0
3938,0
3939,0
3940,0
3941,0
3942,0
3943,1
3944,1
3945,0
3946,0
3947,0
3948,0
3949,0
3950,0
3951,0
3952,0
3953,0
3954,0
3955,0
3956,0
3957,0
3958,1
3959,0
3960,0
3961,1
3962,0
3963,0
3964,0
3965,1
3966,0
3967,0
3968,1
3969,1
3970,1
3971,0
3972,0
3973,0
3974,0
3975,0
3976,0
3977,0
3978,1
3979,0
3980,0
3981,0
3982,0
3983,0
3984,0
3985,0
3986,0
3987,1
3988,0
3989,0
3990,0
3991,0
3992,0
3993,0
3994,0
3995,1
3996,0
3997,0
3998,0
3999,0
4000,0
4001,1
4002,0
4003,1
4004,0
4005,0
4006,0
4007,1
4008,1
4009,0
4010,0
4011,0
4012,0
4013,0
4014,0
4015,0
4016,0
4017,0
4018,0
4019,1
4020,0
4021,0
4022,1
4023,0
4024,0
4025,0
4026,1
4027,1
4028,0
4029,0
4030,1
4031,0
4032,0
4033,0
4034,0
4035,0
4036,0
4037,1
4038,0
4039,1
4040,0
4041,0
4042,0
4043,0
4044,0
4045,0
4046,0
4047,0
4048,0
4049,0
4050,1
4051,0
4052,0
4053,0
4054,0
4055,1
4056,1
4057,0
4058,1
4059,0
4060,0
4061,0
4062,0
4063,1
4064,0
4065,0
4066,0
4067,1
4068,0
4069,0
4070,0
4071,0
4072,0
4073,1
4074,0
4075,0
4076,0
4077,0
4078,0
4079,0
4080,0
4081,0
4082,1
4083,0
4084,1
4085,0
4086,0
4087,0
4088,0
4089,0
4090,0
4091,1
4092,0
4093,0
4094,0
4095,0
4096,0
4097,0
4098,0
4099,0
4100,0
4101,1
4102,0
4103,0
4104,1
4105,0
4106,0
4107,0
4108,0
4109,0
4110,1
4111,0
4112,0
4113,1
4114,0
4115,0
4116,0
4117,0
4118,0
4119,0
4120,1
4121,0
4122,0
4123,0
4124,0
4125,1
4126,0
4127,0
4128,1
4129,1
4130,1
4131,0
4132,0
4133,0
4134,0
4135,0
4136,0
4137,0
4138,0
4139,1
4140,0
4141,0
4142,0
4143,0
4144,0
4145,0
4146,1
4147,0
4148,1
4149,1
4150,0
4151,0
4152,0
4153,0
4154,0
4155,0
4156,0
4157,0
4158,0
4159,0
4160,0
4161,0
4162,0
4163,0
4164,0
4165,0
4166,1
4167,1
4168,0
4169,0
4170,0
4171,1
4172,1
4173,0
4174,1
4175,0
4176,0
4177,0
4178,0
4179,1
4180,0
4181,0
4182,0
4183,0
4184,0
4185,0
4186,0
4187,0
4188,1
4189,1
4190,1
4191,0
4192,0
4193,0
4194,0
4195,0
4196,0
4197,0
4198,0
4199,0
4200,0
4201,0
4202,1
4203,0
4204,0
4205,0
4206,0
4207,0
4208,0
4209,0
4210,1
4211,0
4212,0
4213,0
4214,1
4215,0
4216,0
4217,0
4218,0
4219,0
4220,0
4221,0
4222,1
4223,0
4224,0
4225,0
4226,0
4227,0
4228,0
4229,0
4230,0
4231,0
4232,1
4233,0
4234,0
4235,1
4236,0
4237,0
4238,0
4239,0
4240,0
4241,1
4242,0
4243,0
4244,1
4245,0
4246,0
4247,0
4248,0
4249,0
4250,0
4251,0
4252,0
4253,0
4254,1
4255,0
4256,0
4257,0
4258,0
4259,0
4260,0
4261,0
4262,0
4263,0
4264,0
4265,0
4266,1
4267,0
4268,1
4269,0
4270,0
4271,0
4272,0
4273,0
4274,0
4275,0
4276,0
4277,1
4278,0
4279,0
4280,0
4281,0
4282,0
4283,1
4284,0
4285,1
4286,0
4287,0
4288,1
4289,0
4290,0
4291,0
4292,0
4293,0
4294,0
4295,0
4296,0
4297,0
4298,0
4299,0
4300,1
4301,0
4302,1
4303,0
4304,1
4305,0
4306,1
4307,0
4308,0
4309,0
4310,0
4311,1
4312,0
4313,0
4314,0
4315,0
4316,1
4317,0
4318,0
4319,1
4320,0
4321,0
4322,1
4323,0
4324,0
4325,0
4326,0
4327,0
4328,0
4329,0
4330,0
4331,1
4332,0
4333,0
4334,0
4335,1
4336,0
4337,1
4338,0
4339,0
4340,1
4341,0
4342,0
4343,0
4344,0
4345,0
4346,0
4347,0
4348,0
4349,1
4350,0
4351,0
4352,0
4353,0
4354,1
4355,0
4356,0
4357,0
4358,0
4359,1
4360,1
4361,0
4362,1
4363,0
4364,0
4365,0
4366,0
4367,0
4368,0
4369,0
4370,0
4371,0
4372,0
4373,0
4374,0
4375,0
4376,1
4377,0
4378,0
4379,0
4380,1
4381,0
4382,0
4383,0
4384,0
4385,0
4386,1
4387,1
4388,0
4389,0
4390,0
4391,0
4392,0
4393,1
4394,1
4395,0
4396,0
4397,0
4398,0
4399,0
4400,1
4401,0
4402,0
4403,0
4404,0
4405,0
4406,0
4407,0
4408,0
4409,0
4410,0
4411,0
4412,0
4413,0
4414,1
4415,0
4416,0
4417,0
4418,0
4419,0
4420,1
4421,1
4422,0
4423,0
4424,1
4425,0
4426,0
4427,0
4428,1
4429,0
4430,1
4431,0
4432,0
4433,1
4434,0
4435,1
4436,0
4437,0
4438,1
4439,0
4440,1
4441,0
4442,0
4443,0
4444,0
4445,1
4446,0
4447,1
4448,1
4449,0
4450,0
4451,0
4452,0
4453,0
4454,0
4455,0
4456,0
4457,0
4458,0
4459,0
4460,0
4461,0
4462,0
4463,0
4464,1
4465,0
4466,0
4467,0
4468,1
4469,1
4470,1
4471,0
4472,0
4473,0
4474,1
4475,0
4476,1
4477,0
4478,0
4479,0
4480,0
4481,0
4482,0
4483,0
4484,1
4485,0
4486,0
4487,0
4488,0
4489,0
4490,0
4491,0
4492,0
4493,0
4494,0
4495,0
4496,0
4497,0
4498,0
4499,0
4500,0
4501,0
4502,0
4503,0
4504,0
4505,0
4506,0
4507,0
4508,0
4509,1
4510,0
4511,0
4512,0
4513,0
4514,0
4515,0
4516,0
4517,0
4518,0
4519,0
4520,0
4521,0
4522,1
4523,0
4524,0
4525,0
4526,0
4527,1
4528,0
4529,0
4530,0
4531,0
4532,0
4533,0
4534,0
4535,0
4536,0
4537,0
4538,0
4539,1
4540,0
4541,0
4542,0
4543,0
4544,1
4545,0
4546,1
4547,0
4548,0
4549,0
4550,0
4551,0
4552,1
4553,0
4554,1
4555,0
4556,0
4557,0
4558,0
4559,0
4560,0
4561,0
4562,0
4563,1
4564,0
4565,0
4566,0
4567,0
4568,0
4569,0
4570,0
4571,0
4572,0
4573,0
4574,1
4575,1
4576,0
4577,0
4578,0
4579,1
4580,1
4581,0
4582,0
4583,0
4584,1
4585,1
4586,0
4587,0
4588,0
4589,0
4590,0
4591,0
4592,0
4593,1
4594,1
4595,0
4596,1
4597,0
4598,0
4599,0
4600,0
4601,0
4602,0
4603,0
4604,0
4605,0
4606,0
4607,0
4608,0
4609,1
4610,0
4611,0
4612,0
4613,0
4614,0
4615,0
4616,0
4617,0
4618,0
4619,1
4620,0
4621,0
4622,1
4623,0
4624,0
4625,0
4626,0
4627,1
4628,0
4629,0
4630,1
4631,0
4632,0
4633,0
4634,0
4635,0
4636,0
4637,0
4638,1
4639,0
4640,0
4641,1
4642,1
4643,0
4644,1
4645,0
4646,0
4647,0
4648,1
4649,0
4650,0
4651,1
4652,0
4653,0
4654,1
4655,0
4656,0
4657,0
4658,1
4659,1
4660,0
4661,0
4662,0
4663,0
4664,0
4665,0
4666,0
4667,1
4668,0
4669,0
4670,0
4671,0
4672,0
4673,0
4674,1
4675,0
4676,0
4677,0
4678,0
4679,0
4680,0
4681,1
4682,0
4683,0
4684,0
4685,0
4686,0
4687,1
4688,0
4689,0
4690,0
4691,0
4692,0
4693,0
4694,0
4695,0
4696,0
4697,0
4698,1
4699,1
4700,0
4701,0
4702,1
4703,0
4704,0
4705,0
4706,0
4707,1
4708,0
4709,1
4710,1
4711,0
4712,0
4713,1
4714,0
4715,1
4716,0
4717,0
4718,0
4719,0
4720,0
4721,0
4722,0
4723,0
4724,1
4725,0
4726,0
4727,1
4728,0
4729,0
4730,0
4731,0
4732,0
4733,0
4734,0
4735,0
4736,1
4737,0
4738,1
4739,1
4740,0
4741,0
4742,1
4743,0
4744,0
4745,0
4746,0
4747,0
4748,0
4749,0
4750,1
4751,0
4752,0
4753,1
4754,1
4755,1
4756,0
4757,0
4758,0
4759,0
4760,0
4761,0
4762,0
4763,1
4764,0
4765,0
4766,0
4767,0
4768,0
4769,0
4770,0
4771,0
4772,0
4773,0
4774,0
4775,1
4776,0
4777,0
4778,0
4779,0
4780,0
4781,0
4782,0
4783,1
4784,0
4785,1
4786,1
4787,0
4788,1
4789,1
4790,0
4791,0
4792,0
4793,0
4794,0
4795,0
4796,0
4797,0
4798,1
4799,0
4800,0
4801,0
4802,0
4803,1
4804,0
4805,0
4806,0
4807,0
4808,0
4809,0
4810,1
4811,1
4812,1
4813,0
4814,0
4815,1
4816,0
4817,0
4818,0
4819,0
4820,0
4821,0
4822,0
4823,1
4824,1
4825,0
4826,0
4827,0
4828,1
4829,0
4830,1
4831,0
4832,0
4833,1
4834,0
4835,0
4836,0
4837,1
4838,0
4839,0
4840,0
4841,1
4842,0
4843,1
4844,0
4845,0
4846,0
4847,0
4848,1
4849,1
4850,0
4851,1
4852,0
4853,0
4854,0
4855,1
4856,0
4857,0
4858,0
4859,0
4860,0
4861,0
4862,0
4863,1
4864,1
4865,0
4866,0
4867,0
4868,0
4869,0
4870,0
4871,1
4872,1
4873,1
4874,0
4875,0
4876,0
4877,0
4878,0
4879,1
4880,0
4881,0
4882,1
4883,1
4884,0
4885,0
4886,0
4887,1
4888,0
4889,0
4890,0
4891,0
4892,0
4893,0
4894,0
4895,1
4896,1
4897,1
4898,0
4899,1
4900,1
4901,0
4902,0
4903,0
4904,0
4905,0
4906,0
4907,0
4908,0
4909,0
4910,0
4911,0
4912,0
4913,0
4914,0
4915,0
4916,0
4917,0
4918,0
4919,1
4920,1
4921,0
4922,0
4923,0
4924,0
4925,0
4926,0
4927,0
4928,0
4929,0
4930,0
4931,0
4932,0
4933,0
4934,0
4935,0
4936,0
4937,1
4938,1
4939,1
4940,1
4941,1
4942,0
4943,0
4944,0
4945,0
4946,0
4947,0
4948,0
4949,0
4950,0
4951,0
4952,0
4953,1
4954,0
4955,1
4956,0
4957,0
4958,0
4959,0
4960,0
4961,0
4962,0
4963,0
4964,0
4965,0
4966,0
4967,0
4968,1
4969,0
4970,1
4971,1
4972,0
4973,1
4974,0
4975,1
4976,0
4977,0
4978,0
4979,0
4980,0
4981,0
4982,0
4983,0
4984,0
4985,0
4986,0
4987,0
4988,0
4989,0
4990,0
4991,1
4992,0
4993,1
4994,0
4995,0
4996,0
4997,0
4998,0
4999,0
